name,uuid,external_item_id,display_name,description,category,gtin_14,mpn,photo_url_list,salt_id,source_divisions,Name_cleaned,Description_cleaned,cleaned_brand,Pack_cleaned,Size_cleaned,clarity_rating,clarity_category,gtin_category,gtin_subcategory,gtin_subsubcategory,gtin_exists,gtin_query_name,ai_decision,ai_confidence,ai_reasoning
Ferraro Foods - NCR - Division 2 (New Jersey),7aefdd11-80c0-4d10-91cc-74f72454638d,5,PRODUCE LETTUCE SALAD MIX REF,Brand: PACKER | Pack Size: 4 X 5#,PRODUCE,,,,0193b699-b971-76d8-870b-e03a1d3a0f00,div2_nj,PRODUCE Lettuce Salad Mix Refrigerated,Lettuce Salad Mix Refrigerated,Packer,4 x 5 LB,5 LB,8,Good,"Produce, Fresh","Salad Mixes, Fresh","Garden Salad Mixes, Fresh",False,,No GTINs Found,0.0,No valid GTINs found in configured GTIN columns
Ferraro Foods - NCR - Division 6 (Connecticut),b12c0a19-2e41-45ee-8d71-794a3bdc63dc,6,PRODUCE PEPPER BELL GREEN X-LARGE BUSHEL REF,Brand: PACKER | Pack Size: 1 X BUSHEL,PRODUCE,,48110.0,[],0195cbb3-dc91-7068-879b-e5277b2fb5ed,"div12_florida, div14_ny_east, div2_nj, div3_nc, div5_md, div6_ct",PRODUCE Green Bell Pepper Extra Large Refrigerated,Green Bell Pepper Extra Large Refrigerated,Packer,1 x BUSHEL,,9,Excellent,"Produce, Fresh",Greens,"Greens, Other",False,,No GTINs Found,0.0,No valid GTINs found in configured GTIN columns
Ferraro Foods - NCR - Division 6 (Connecticut),4bbe577b-1f44-4983-bd8d-5af1acb4a706,7,PRODUCE LETTUCE SHREDDED REF,Brand: PACKER | Pack Size: 4 X 5#,PRODUCE,,,[],0192a4ff-9fcf-7764-8770-8bce922ccaeb,div6_ct,PRODUCE Shredded Lettuce Refrigerated,Shredded Lettuce Refrigerated,Packer,4 x 5 LB,5 LB,8,Good,"Produce, Fresh","Lettuce, Spinach & Micro Greens, Fresh","Iceberg, Value Added",False,,No GTINs Found,0.0,No valid GTINs found in configured GTIN columns
Ferraro Foods - NCR - Division 5 (Maryland),86143f64-04f0-47cf-bfc6-1f3f4ef2b895,8,PRODUCE TOMATO PLUM ROMA REF,Brand: PACKER | Pack Size: 1 X 25#,PRODUCE,,,[],0195cbb3-d7f9-7a19-be28-eaa6d14e6c88,"div12_florida, div14_ny_east, div2_nj, div3_nc, div5_md, div6_ct",PRODUCE Roma Plum Tomato Refrigerated,Roma Plum Tomato Refrigerated,Packer,1 x 25 LB,25 LB,8,Good,"Produce, Fresh","Tomatoes, Fresh",Plum (Roma),False,,No GTINs Found,0.0,No valid GTINs found in configured GTIN columns
Ferraro Foods - NCR - Division 14 (New York East),fb397479-b248-4690-ae5c-708192028669,10,PROD TOMATO HEIRLOOM MIX GRAPE,Brand: PACKER | Pack Size: 12 X 1PT,PRODUCE,,,['https://s3.amazonaws.com/media.usepepper.com/suppliers/b56a09d3-3926-4d2e-9190-0e7a97a73afe/items/33536e67-6638-5d7f-be5f-7d7da66b9f30.jpg'],00000000-0000-0000-0000-000000000000,div14_ny_east,PRODUCE Mixed Heirloom Grape Tomato,Mixed Heirloom Grape Tomato,Packer,12 x 1 PT,1 PT,7,Good,"Produce, Fresh","Tomatoes, Fresh","Other, Specialty, Fresh",False,,No GTINs Found,0.0,No valid GTINs found in configured GTIN columns
Ferraro Foods - NCR - Division 3 (North Carolina),3614e1bb-7adc-433d-9551-1e7621914b2d,12,PRODUCE MUSHROOMS MEDIUM REF,Brand: PACKER | Pack Size: 1 X 10#,PRODUCE,,,['https://s3.amazonaws.com/media.usepepper.com/suppliers/91d5342e-e70b-458b-a74b-2109a243a336/items/29902c60-7949-5f83-8b9d-abf7cfa6d207.png'],00000000-0000-0000-0000-000000000000,"div12_florida, div2_nj, div3_nc, div5_md, div6_ct",PRODUCE Medium Mushroom Refrigerated,Medium Mushroom Refrigerated,Packer,1 x 10 LB,10 LB,8,Good,"Produce, Fresh",Mushrooms,"Mushrooms, Browns",False,,No GTINs Found,0.0,No valid GTINs found in configured GTIN columns
Ferraro Foods - NCR - Division 5 (Maryland),a727fad8-b2d5-43fc-9081-0c32483144fe,14,PRODUCE GREENS KALE REF,Brand: PACKER | Pack Size: 1 X CASE,PRODUCE,,,[],0195cbb3-d8ae-734f-b9b4-c716b59a39b0,"div14_ny_east, div5_md",PRODUCE Kale Greens Refrigerated,Kale Greens Refrigerated,Packer,1 x CASE,,8,Good,"Produce, Fresh",Root Vegetables,Beets,False,,No GTINs Found,0.0,No valid GTINs found in configured GTIN columns
Ferraro Foods - NCR - Division 3 (North Carolina),f858aab0-4d7b-4c78-8dbc-8bf2a31edbf8,19,PRODUCE ONIONS RED JUMBO REF,Brand: PACKER | Pack Size: 1 X 25#,PRODUCE,,,[],0192a4ff-ab24-7d4e-85da-57e93056784d,"div12_florida, div14_ny_east, div3_nc, div5_md, div6_ct",PRODUCE Red Jumbo Onion Refrigerated,Red Jumbo Onion Refrigerated,Packer,1 x 25 LB,25 LB,8,Good,"Produce, Fresh","Onions, Fresh","Red, Fresh",False,,No GTINs Found,0.0,No valid GTINs found in configured GTIN columns
Ferraro Foods - NCR - Division 6 (Connecticut),b4e3805c-1634-462e-90b6-95230dfbdb6f,20,PRODUCE ONIONS YELLOW JUMBO SPANISH REF,Brand: PACKER | Pack Size: 1 X 50#,PRODUCE,,44510.0,[],0192a4ff-af6c-7c0e-a2d4-9ac9d4d99fda,"div12_florida, div14_ny_east, div3_nc, div5_md, div6_ct",PRODUCE Yellow Jumbo Spanish Onion Refrigerated,Yellow Jumbo Spanish Onion Refrigerated,Packer,1 x 50 LB,50 LB,8,Good,"Produce, Fresh","Onions, Fresh","Yellow, Fresh",False,,No GTINs Found,0.0,No valid GTINs found in configured GTIN columns
Ferraro Foods - NCR - Division 5 (Maryland),9abe5382-3c3d-4974-abf3-1222f0cfc72b,22,PRODUCE CUCUMBERS RETAIL REF,Brand: PACKER | Pack Size: 1 X 24 CT,PRODUCE,,,[],01966dfd-9444-7d11-830d-3410e9de290f,"div12_florida, div5_md",PRODUCE Retail Cucumber Refrigerated,Retail Cucumber Refrigerated,Packer,1 x 24 CT,24 CT,8,Good,"Produce, Fresh","Squash & Cucumbers, Fresh",Cucumbers,False,,No GTINs Found,0.0,No valid GTINs found in configured GTIN columns
Ferraro Foods - NCR - Division 2 (New Jersey),479d3a24-882a-4e82-9705-ab73eda9ea24,23,PRODUCE BLUEBERRIES REF,Brand: PACKER | Pack Size: 1 X CS,PRODUCE,,,['https://s3.amazonaws.com/media.usepepper.com/suppliers/91d5342e-e70b-458b-a74b-2109a243a336/items/65e7374b-e14b-51d0-98ec-0b212829a82b.png'],0195cbb3-dbbe-7c4f-a0d3-b16797aac524,div2_nj,Produce Blueberries Refrigerated,Blueberries Refrigerated,Packer,1 x CASE,,7,Good,"Produce, Fresh","Berries, Fresh","Berries, Other, Fresh",False,,No GTINs Found,0.0,No valid GTINs found in configured GTIN columns
Ferraro Foods - NCR - Division 14 (New York East),f98dc4bf-2e60-4e9a-9769-e56501348e6b,25,PRODUCE PEPPER SUNTAN BUSHEL REF,Brand: PACKER | Pack Size: 1 X BUSHEL,PRODUCE,,,['https://s3.amazonaws.com/media.usepepper.com/suppliers/91d5342e-e70b-458b-a74b-2109a243a336/items/5dce0f12-d761-50c9-b117-f9cb95b98c5d.jpg'],0192a4ff-b093-7ecf-b830-4c07e6358f9e,"div14_ny_east, div2_nj, div6_ct",Produce Suntan Pepper Refrigerated,Suntan Pepper Refrigerated,Packer,1 x BUSHEL,,8,Good,"Produce, Fresh",Greens,"Greens, Other",False,,No GTINs Found,0.0,No valid GTINs found in configured GTIN columns
Ferraro Foods - NCR - Division 3 (North Carolina),129cfccd-f30e-4980-83a1-433146fdc5dc,27,PRODUCE ORANGES CALIFORNIA 72-88 CT REF,Brand: PACKER | Pack Size: 1 X 72,PRODUCE,,,[],0195cbb3-d6ca-7587-9dd0-ef072f2a82c9,"div14_ny_east, div2_nj, div3_nc, div5_md, div6_ct",Produce California Oranges Refrigerated,California Oranges Refrigerated,Packer,1 x 72 CT,72 CT,9,Excellent,"Produce, Fresh","Citrus, Fresh",Oranges,False,,No GTINs Found,0.0,No valid GTINs found in configured GTIN columns
Ferraro Foods - NCR - Division 6 (Connecticut),e8562aa3-3a14-43e5-88c5-7c7e6334012a,28,PRODUCE EGGPLANT FANCY REF,Brand: PACKER | Pack Size: 1 X BUSHEL,PRODUCE,,38100.0,[],0192a4ff-9a78-7766-87c4-27b3595263bd,"div12_florida, div14_ny_east, div2_nj, div3_nc, div5_md, div6_ct",Produce Fancy Eggplant Refrigerated,Fancy Eggplant Refrigerated,Packer,1 x BUSHEL,,7,Good,"Produce, Fresh",Root Vegetables,"Root Vegetables, Other",False,,No GTINs Found,0.0,No valid GTINs found in configured GTIN columns
Ferraro Foods - NCR - Division 5 (Maryland),e946bed3-3653-4994-9e09-0a2cdd79adaf,29,PRODUCE PEPPER BELL YELLOW REF,Brand: PACKER | Pack Size: 1 X 11LB,PRODUCE,,,[],0192a4ff-a67f-7e26-86b1-f10da6958264,"div14_ny_east, div2_nj, div5_md",Produce Yellow Bell Pepper Refrigerated,Yellow Bell Pepper Refrigerated,Packer,1 x 11 LB,11 LB,7,Good,"Produce, Fresh",Greens,"Greens, Other",False,,No GTINs Found,0.0,No valid GTINs found in configured GTIN columns
Ferraro Foods - NCR - Division 5 (Maryland),e2c3ceeb-e169-4cf1-9b73-e8cd92a39d20,30,PRODUCE BASIL FRESH REF,Brand: PACKER | Pack Size: 1 X 1 LB.,PRODUCE,,,[],01966dfd-97cb-7be2-89fe-d1070f9159e0,"div12_florida, div2_nj, div3_nc, div5_md, div6_ct",Produce Fresh Basil Refrigerated,Fresh Basil Refrigerated,Packer,1 x 1 LB,1 LB,7,Good,"Produce, Fresh",Herbs,"Herbs, Other",False,,No GTINs Found,0.0,No valid GTINs found in configured GTIN columns
Ferraro Foods - NCR - Division 3 (North Carolina),9c6fff40-6fad-4ba6-a083-105481018934,31,PRODUCE PARSLEY FRESH CURLY REF,Brand: PACKER | Pack Size: 1 X 60 CT,PRODUCE,,,,01966dfd-949f-7b44-8b93-6c6a3a89dbc1,"div12_florida, div2_nj, div3_nc, div5_md",Produce Fresh Curly Parsley Refrigerated,Fresh Curly Parsley Refrigerated,Packer,1 x 60 CT,60 CT,7,Good,"Produce, Fresh",Herbs,"Herbs, Other",False,,No GTINs Found,0.0,No valid GTINs found in configured GTIN columns
Ferraro Foods - NCR - Division 3 (North Carolina),217d3631-300e-438d-9f3d-4e0a5799f3b8,33,PRODUCE CELERY 30-36 CT REF,Brand: PACKER | Pack Size: 1 X 30CT,PRODUCE,,,[],01966dfd-9504-73c2-8348-a9e83a0bee71,"div14_ny_east, div2_nj, div3_nc, div5_md, div6_ct",Produce Celery Refrigerated,Celery Refrigerated,Packer,1 x 30 CT,30 CT,9,Excellent,"Produce, Fresh",Wet Vegetables (Not Lettuce),Celery,False,,No GTINs Found,0.0,No valid GTINs found in configured GTIN columns
Ferraro Foods - NCR - Division 6 (Connecticut),8ef10dfa-7a7a-4895-a8a0-cac039024e6f,35,PRODUCE BLUEBERRIES PINT REF,Brand: DRISCOLL | Pack Size: 12 X 1 PINT,PRODUCE,,3130.0,['https://s3.amazonaws.com/media.usepepper.com/suppliers/998c2140-ee60-4424-92d4-94e5bd3d13e5/items/bd898657-a306-513f-a3f3-2d8b7b43231f.jpg'],00000000-0000-0000-0000-000000000000,"div14_ny_east, div6_ct",Produce Driscoll Blueberries Refrigerated,Driscoll Blueberries Refrigerated,Driscoll,12 x 1 PT,1 PT,8,Good,"Produce, Fresh","Berries, Fresh","Berries, Other, Fresh",False,,No GTINs Found,0.0,No valid GTINs found in configured GTIN columns
Ferraro Foods - NCR - Division 6 (Connecticut),1be7e4b2-cbc2-4c5e-8511-da6e8742d9f9,37,PRODUCE STRAWBERRIES 1 LB REF,Brand: PACKER | Pack Size: 1 X FLAT,PRODUCE,,3361.0,['https://s3.amazonaws.com/media.usepepper.com/suppliers/91d5342e-e70b-458b-a74b-2109a243a336/items/a71a4a04-214b-508a-818d-389301b252ea.jpg'],0192a4ff-b022-7fc2-8f60-ccd0b2b4b229,"div14_ny_east, div2_nj, div6_ct",Produce Strawberries Refrigerated,Strawberries Refrigerated,Packer,1 x FLAT,,8,Good,"Produce, Fresh","Berries, Fresh","Berries, Other, Fresh",False,,No GTINs Found,0.0,No valid GTINs found in configured GTIN columns
Ferraro Foods - NCR - Division 14 (New York East),79280a0d-db87-4b44-8da0-0e64b6810c4c,38,PRODUCE TOMATO HEIRLOOM BEEF STEAK REF,Brand: PACKER | Pack Size: 1 X 10LB,PRODUCE,,,,01966dfd-9571-7ef9-96a9-3530a7ce29e1,div14_ny_east,PRODUCE Tomato Heirloom Beef Steak Refrigerated,Heirloom Beef Steak Tomato,Packer,1 x 10 LB,10 LB,8,Good,"Produce, Fresh","Tomatoes, Fresh","Other, Specialty, Fresh",False,,No GTINs Found,0.0,No valid GTINs found in configured GTIN columns
Ferraro Foods - NCR - Division 5 (Maryland),ff832702-f0f3-4664-8623-c2c80af6c179,39,PRODUCE HONEYDEW MELON REF,Brand: PACKER | Pack Size: 1 X 6 CT,PRODUCE,,,[],0195cbb3-dca1-7f77-8c8b-7ff3df7bc454,"div14_ny_east, div5_md",PRODUCE Honeydew Melon Refrigerated,Honeydew Melon,Packer,1 x 6 CT,6 CT,8,Good,"Produce, Fresh","Melons, Fresh",Honeydew,False,,No GTINs Found,0.0,No valid GTINs found in configured GTIN columns
Ferraro Foods - NCR - Division 6 (Connecticut),61bca6b3-c44f-4318-bc28-79e5833d4f6e,4,MISC PER LB,Brand: PACKER | Pack Size: 1 X 30LB,MEATS,,46080.0,,00000000-0000-0000-0000-000000000000,div6_ct,MEATS Miscellaneous,Miscellaneous item,Packer,1 x 30 LB,30 LB,4,Poor,Processed Meat,Deli & Luncheon Meats,"Luncheon Meat, Other, Bulk Or Sliced, Frozen",False,,No GTINs Found,0.0,No valid GTINs found in configured GTIN columns
Ferraro Foods - NCR - Division 5 (Maryland),a0421b99-8e65-4434-8567-d7191344b0b0,41,PRODUCE CANTALOUPE MELON REF,Brand: PACKER | Pack Size: 1 X 9CT,PRODUCE,,,[],0192a4ff-93b2-73f1-a7a1-9b5fce9808f1,"div2_nj, div5_md",PRODUCE Cantaloupe Melon Refrigerated,Cantaloupe Melon,Packer,1 x 9 CT,9 CT,8,Good,"Produce, Fresh","Melons, Fresh",Cantaloupe,False,,No GTINs Found,0.0,No valid GTINs found in configured GTIN columns
Ferraro Foods - NCR - Division 3 (North Carolina),e8d79000-943a-4496-9e7b-90dfa891db4b,42,PRODUCE LEMONS REF,Brand: PACKER | Pack Size: 1 X 140 CT,PRODUCE,,,[],01966dfd-964d-7a30-931d-f79903fd31a1,"div12_florida, div14_ny_east, div2_nj, div3_nc, div5_md, div6_ct",PRODUCE Lemons Refrigerated,Lemons,Packer,1 x 140 CT,140 CT,8,Good,"Produce, Fresh","Citrus, Fresh",Lemons,False,,No GTINs Found,0.0,No valid GTINs found in configured GTIN columns
Ferraro Foods - NCR - Division 6 (Connecticut),7234e20b-16d7-4351-a845-4f7117604d3c,43,PRODUCE POTATO 90 CT IDAHO DRY,Brand: GPOD | Pack Size: 1 X 50#,PRODUCE,,,[],0195cbb3-d8c0-7da1-9935-e19ff3c5c59e,"div14_ny_east, div6_ct",PRODUCE GPOD Idaho Potato Dry,Idaho Potato,GPOD,1 x 50 LB,50 LB,9,Excellent,"Grocery, Dry","Potatoes, Dehydrated","Diced, Mix/Dry",False,,No GTINs Found,0.0,No valid GTINs found in configured GTIN columns
Ferraro Foods - NCR - Division 3 (North Carolina),524359b1-32db-4ab2-b66f-9435f9df827a,45,PRODUCE SQUASH GREEN FANCY REF,Brand: PACKER | Pack Size: 1 X 20#,PRODUCE,,,[],01966dfd-9835-77d3-a1b2-ad25a4719cce,"div14_ny_east, div2_nj, div3_nc, div5_md, div6_ct",PRODUCE Green Fancy Squash Refrigerated,Green Fancy Squash,Packer,1 x 20 LB,20 LB,8,Good,"Produce, Fresh","Squash & Cucumbers, Fresh",Squash,False,,No GTINs Found,0.0,No valid GTINs found in configured GTIN columns
Ferraro Foods - NCR - Division 6 (Connecticut),3db023e7-09e3-4f46-b1e3-96a95612f515,46,"PRODUCE CARROTS SHREDDED 1/4"" REF",Brand: PACKER | Pack Size: 1 X 5LB,PRODUCE,,,[],0195cbb3-d968-79f4-9c5a-e766d466b3fd,div6_ct,PRODUCE Shredded Carrots Inch Refrigerated,Shredded Carrots 1/4 Inch,Packer,1 x 5 LB,5 LB,9,Excellent,"Produce, Fresh",Root Vegetables,"Root Vegetables, Other",False,,No GTINs Found,0.0,No valid GTINs found in configured GTIN columns
Ferraro Foods - NCR - Division 5 (Maryland),98d4d668-f054-4750-8df8-c00abd19648b,47,PRODUCE CORN ON COBB BULK REF,Brand: PACKER | Pack Size: 1 X 48CT,PRODUCE,,,['https://s3.amazonaws.com/media.usepepper.com/suppliers/8e3e05fc-cab8-4a55-a3aa-21ac491d2ad9/items/b19dee0a-9d47-58f6-ab03-efe8e1fa7c54.jpg'],00000000-0000-0000-0000-000000000000,div5_md,PRODUCE Corn On Cobb Bulk Refrigerated,Bulk Corn On Cobb,Packer,1 x 48 CT,48 CT,8,Good,"Produce, Fresh",Root Vegetables,"Root Vegetables, Other",False,,No GTINs Found,0.0,No valid GTINs found in configured GTIN columns
Ferraro Foods - NCR - Division 3 (North Carolina),214929b2-80f2-41ac-b75d-4c18967aa96d,49,PRODUCE SPINACH BABY BOX REF,Brand: PACKER | Pack Size: 1 X 4LB,PRODUCE,,,,0195cbb3-d64d-7300-9ed8-250f75dd50d3,"div12_florida, div14_ny_east, div2_nj, div3_nc, div5_md, div6_ct",PRODUCE Baby Spinach Refrigerated,Baby Spinach,Packer,1 x 4 LB,4 LB,8,Good,"Produce, Fresh","Lettuce, Spinach & Micro Greens, Fresh",Spinach,False,,No GTINs Found,0.0,No valid GTINs found in configured GTIN columns
Ferraro Foods - NCR - Division 6 (Connecticut),bb324591-32bc-4b36-89d8-e44d0abea2b0,51,PRODUCE ESCAROLE REF,Brand: PACKER | Pack Size: 1 X 18 CT.,PRODUCE,,,[],0195cbb3-d9da-7d52-816a-e20eb3524434,"div14_ny_east, div2_nj, div6_ct",PRODUCE Escarole Refrigerated,Escarole,Packer,1 x 18 CT,18 CT,8,Good,"Produce, Fresh","Lettuce, Spinach & Micro Greens, Fresh",Escarole,False,,No GTINs Found,0.0,No valid GTINs found in configured GTIN columns
Ferraro Foods - NCR - Division 5 (Maryland),0ae17bed-7349-4a0b-8b74-c30ea35d504b,53,PRODUCE SQUASH YELLOW FANCY REF,Brand: PACKER | Pack Size: 1 X 20#,PRODUCE,,,[],01966dfd-9575-7acb-b64e-99af4521f789,"div14_ny_east, div2_nj, div5_md, div6_ct",PRODUCE Yellow Fancy Squash Refrigerated,Yellow fancy squash,Packer,1 x 20 LB,20 LB,8,Good,"Produce, Fresh","Squash & Cucumbers, Fresh",Squash,False,,No GTINs Found,0.0,No valid GTINs found in configured GTIN columns
Ferraro Foods - NCR - Division 14 (New York East),5e2cbd3f-a572-4a6b-b679-54dcc0757b45,54,PRODUCE BROCCOLI FLORETS REF,"Brand: PACKER | Pack Size: 6 X 3#
Special Order Item - Contact Your Sales Rep for Availability",PRODUCE,,,,0192a4ff-9275-7f9e-983e-4d1dda05ee3f,div14_ny_east,PRODUCE Broccoli Florets Refrigerated,Broccoli florets,Packer,6 x 3 LB,3 LB,8,Good,"Produce, Fresh",Wet Vegetables (Not Lettuce),"Broccoli, Value Add",False,,No GTINs Found,0.0,No valid GTINs found in configured GTIN columns
Ferraro Foods - NCR - Division 5 (Maryland),cd056ca6-b06c-42c3-b0fd-f7edf9174c18,55,PRODUCE GRAPES SEEDLESS GREEN REF,Brand: PACKER | Pack Size: 1 X 20 LB,PRODUCE,,,['https://s3.amazonaws.com/media.usepepper.com/suppliers/91d5342e-e70b-458b-a74b-2109a243a336/items/d68d0ad9-710d-5dcc-9dcb-c03bdfabf22c.jpg'],0192a4ff-9dd3-7f8a-aa82-80af40477584,"div14_ny_east, div5_md",PRODUCE Green Seedless Grapes Refrigerated,Green seedless grapes,Packer,1 x 20 LB,20 LB,8,Good,"Produce, Fresh","Fruits, Other, Fresh","Fruit, Other Fresh",False,,No GTINs Found,0.0,No valid GTINs found in configured GTIN columns
Ferraro Foods - NCR - Division 5 (Maryland),6c1fbdf5-dead-45b0-9bb0-60ed60c131fd,56,PRODUCE MUSHROOMS SLICED THIN REF,Brand: PACKER | Pack Size: 1 X 2/5LB,PRODUCE,,,[],01966dfd-95cf-7eaf-adde-dd42113b4454,div5_md,PRODUCE Sliced Thin Mushrooms Refrigerated,Sliced thin mushrooms,Packer,1 x 2/5 LB,5 LB,8,Good,"Produce, Fresh",Mushrooms,"Mushrooms, Browns",False,,No GTINs Found,0.0,No valid GTINs found in configured GTIN columns
Ferraro Foods - NCR - Division 3 (North Carolina),9a2e009f-33fa-45ee-9ae3-09a81cf98f16,58,PRODUCE POTATO 70 CT IDAHO DRY,Brand: PACKER | Pack Size: 1 X 50#,PRODUCE,,,[],0195cbb3-d8c0-7da1-9935-e19ff3c5c59e,"div2_nj, div3_nc, div5_md, div6_ct",PRODUCE Idaho Potato Dry,Idaho potato,Packer,1 x 50 LB,50 LB,7,Good,"Grocery, Dry","Potatoes, Dehydrated","Diced, Mix/Dry",False,,No GTINs Found,0.0,No valid GTINs found in configured GTIN columns
Ferraro Foods - NCR - Division 5 (Maryland),70e4ad24-a08d-48fe-aaec-87573fb71ae1,61,PRODUCE PINEAPPLE GOLDEN 5-6 CT REF,Brand: PACKER | Pack Size: 1 X 5/6 CT,PRODUCE,,,[],01952ffa-cdca-732f-84ad-40964b7cccb7,"div14_ny_east, div5_md",PRODUCE Golden Pineapple Refrigerated,Golden pineapple,Packer,1 x 5-6 CT,5-6 CT,7,Good,"Produce, Fresh","Tropical Fruit, Fresh",Pineapple,False,,No GTINs Found,0.0,No valid GTINs found in configured GTIN columns
Ferraro Foods - NCR - Division 14 (New York East),5df7844a-8e20-4968-8f8b-26bd75f52efa,62,PRODUCE ANISE FENNEL FRESH 24-30 CT REF,"Brand: PACKER | Pack Size: 1 X 24/30CT
Special Order Item - Contact Your Sales Rep for Availability",PRODUCE,,,,0192a4ff-9b15-7133-8d45-e5fadd0199f4,"div14_ny_east, div2_nj",PRODUCE Fresh Anise Fennel Refrigerated,Fresh anise fennel,Packer,1 x 24-30 CT,24-30 CT,7,Good,"Produce, Fresh",Root Vegetables,"Root Vegetables, Other",False,,No GTINs Found,0.0,No valid GTINs found in configured GTIN columns
Ferraro Foods - NCR - Division 6 (Connecticut),51be1835-f12d-4e61-b4d2-edb493b11f80,63,PRODUCE CAULIFLOWER REF,Brand: PACKER | Pack Size: 1 X 12 CT.,PRODUCE,,34100.0,[],01952ffa-cd6c-76a3-b36a-60cd7f266a88,"div14_ny_east, div2_nj, div5_md, div6_ct",PRODUCE Cauliflower Refrigerated,Cauliflower,Packer,1 x 12 CT,12 CT,8,Good,"Produce, Fresh",Wet Vegetables (Not Lettuce),Cauliflower,False,,No GTINs Found,0.0,No valid GTINs found in configured GTIN columns
Ferraro Foods - NCR - Division 5 (Maryland),11f2e379-9903-4ae7-a6d6-035aed990a57,65,PRODUCE CARROTS CELLO REF,Brand: PACKER | Pack Size: 1 X 24/2LB,PRODUCE,,,['https://s3.amazonaws.com/media.usepepper.com/suppliers/8e3e05fc-cab8-4a55-a3aa-21ac491d2ad9/items/a657d5a8-6ea1-5a37-a45f-3c03341199db.jpg'],00000000-0000-0000-0000-000000000000,div5_md,PRODUCE Cello Carrots Refrigerated,Cello carrots,Packer,1 x 24/2 LB,2 LB,8,Good,"Produce, Fresh",Root Vegetables,"Root Vegetables, Other",False,,No GTINs Found,0.0,No valid GTINs found in configured GTIN columns
Ferraro Foods - NCR - Division 5 (Maryland),3c573a0f-c034-45f6-876a-9bd0ad82969e,66,PRODUCE PEPPER BELL RED REF,Brand: PACKER | Pack Size: 1 X 11LB,PRODUCE,,,[],0195cbb3-d778-72ca-9050-15240183adc6,"div14_ny_east, div2_nj, div5_md, div6_ct",Produce Red Bell Pepper Refrigerated,"Red Bell Pepper, Refrigerated",Packer,1 x 11 LB,11 LB,8,Good,"Produce, Fresh",Greens,"Greens, Other",False,,No GTINs Found,0.0,No valid GTINs found in configured GTIN columns
Ferraro Foods - NCR - Division 3 (North Carolina),32c1fd4d-ac89-46a4-a14d-0fe31f7dc842,68,PRODUCE CABBAGE GREEN REF,Brand: PACKER | Pack Size: 1 X 50 LB,PRODUCE,,,,0195cbb3-d929-75fe-9a99-6201c9a29519,"div2_nj, div3_nc, div5_md, div6_ct",Produce Green Cabbage Refrigerated,"Green Cabbage, Refrigerated",Packer,1 x 50 LB,50 LB,8,Good,"Produce, Fresh",Wet Vegetables (Not Lettuce),Cabbage,False,,No GTINs Found,0.0,No valid GTINs found in configured GTIN columns
Ferraro Foods - NCR - Division 14 (New York East),04289b77-9625-46ad-a9d6-ca8ca1aae6ee,73,PRODUCE RASPBERRIES FLAT REF,Brand: PACKER | Pack Size: 1 X FLAT,PRODUCE,,,['https://s3.amazonaws.com/media.usepepper.com/suppliers/b56a09d3-3926-4d2e-9190-0e7a97a73afe/items/27c3267d-f3ca-441b-8f13-d9b1c7a8edad.png'],00000000-0000-0000-0000-000000000000,div14_ny_east,Produce Raspberries Refrigerated,"Raspberries, Refrigerated",Packer,1 x FLAT,,8,Good,"Produce, Fresh","Berries, Fresh","Berries, Other, Fresh",False,,No GTINs Found,0.0,No valid GTINs found in configured GTIN columns
Ferraro Foods - NCR - Division 6 (Connecticut),03e3da5b-3493-44e9-83eb-d892db1e46e2,74,PRODUCE TOMATO CHERRY REF,Brand: PACKER | Pack Size: 12 X 1PINT,PRODUCE,,,[],0193b699-bb69-7039-a539-3ec6b2e52634,"div14_ny_east, div2_nj, div6_ct",Produce Cherry Tomato Refrigerated,"Cherry Tomato, Refrigerated",Packer,12 x 1 PT,1 PT,8,Good,"Produce, Fresh","Tomatoes, Fresh","Cherry, Grape, Fresh",False,,No GTINs Found,0.0,No valid GTINs found in configured GTIN columns
Ferraro Foods - NCR - Division 5 (Maryland),15dbeb1e-18a7-4c58-8bc3-6def13f92b71,80,PRODUCE POTATO RED A GRADE DRY,Brand: PACKER | Pack Size: 1 X 50 LB,PRODUCE,,,[],0195cbb3-d727-706f-a812-eb6323d5e30f,"div12_florida, div2_nj, div5_md, div6_ct",Produce Red A Grade Potato Dry,"Red A Grade Potato, Dry",Packer,1 x 50 LB,50 LB,9,Excellent,"Grocery, Dry","Potatoes, Dehydrated","Diced, Mix/Dry",False,,No GTINs Found,0.0,No valid GTINs found in configured GTIN columns
Ferraro Foods - NCR - Division 5 (Maryland),d371ad7a-bcad-4168-b4ad-45e070df6c8f,83,PRODUCE TOMATO LARGE 5X6 REF,Brand: PACKER | Pack Size: 1 X 25#,PRODUCE,,1339.0,[],01966dfd-9893-7fe4-9696-8fc473605a5c,"div12_florida, div14_ny_east, div2_nj, div3_nc, div5_md, div6_ct",Produce Large Tomato Refrigerated,"Large 5x6 Tomato, Refrigerated",Packer,1 x 25 LB,25 LB,9,Excellent,"Produce, Fresh","Tomatoes, Fresh","Round, Fresh",False,,No GTINs Found,0.0,No valid GTINs found in configured GTIN columns
Ferraro Foods - NCR - Division 2 (New Jersey),4660f9f5-723b-4dde-b9df-104b3e431f2f,85,PRODUCE MANGO 7-10 CT REF,Brand: PACKER | Pack Size: 1 X 7-10CT,PRODUCE,,,['https://s3.amazonaws.com/media.usepepper.com/suppliers/91d5342e-e70b-458b-a74b-2109a243a336/items/89aee350-45e7-5d43-87cb-f3d11a94cff3.jpg'],0192a4ff-a281-7913-9bc8-7e9bdb196f3e,"div2_nj, div5_md",Produce Mango Refrigerated,"Mango, Refrigerated",Packer,1 x 7-10 CT,7-10 CT,9,Excellent,"Produce, Fresh","Tropical Fruit, Fresh",Mangoes,False,,No GTINs Found,0.0,No valid GTINs found in configured GTIN columns
Ferraro Foods - NCR - Division 6 (Connecticut),ed2fd873-dc00-4315-be57-113983beed23,87,PRODUCE BEETS GOLDEN 25 LB BAG REF,Brand: PACKER | Pack Size: 1 X 25LB,PRODUCE,,29140.0,,01952ffa-cd64-7fb9-9091-2230f14fca07,"div2_nj, div6_ct",Produce Golden Beets Refrigerated,"Golden Beets, Refrigerated",Packer,1 x 25 LB,25 LB,9,Excellent,"Produce, Fresh",Root Vegetables,"Root Vegetables, Other",False,,No GTINs Found,0.0,No valid GTINs found in configured GTIN columns
Ferraro Foods - NCR - Division 6 (Connecticut),bbe284eb-1630-4e0b-9b4b-93f1e24db9ae,89,PRODUCE LEMONS REF,Brand: PACKER | Pack Size: 1 X 95CT,PRODUCE,,10156.0,['https://s3.amazonaws.com/media.usepepper.com/suppliers/998c2140-ee60-4424-92d4-94e5bd3d13e5/items/1d572b3d-df3a-5654-80b2-24febbb4ce6c.jpg'],00000000-0000-0000-0000-000000000000,div6_ct,Produce Lemons Refrigerated,"Lemons, Refrigerated",Packer,1 x 95 CT,95 CT,8,Good,"Produce, Fresh","Citrus, Fresh",Lemons,False,,No GTINs Found,0.0,No valid GTINs found in configured GTIN columns
Ferraro Foods - NCR - Division 3 (North Carolina),7e95b7e3-54d5-4646-835a-c52f8c3fee36,91,PRODUCE PARSLEY FRESH CURLY RETAIL REF,Brand: PACKER | Pack Size: 1 X 6CT,PRODUCE,,,[],01966dfd-949f-7b44-8b93-6c6a3a89dbc1,div3_nc,Produce Fresh Curly Retail Parsley Refrigerated,"Fresh Curly Retail Parsley, Refrigerated",Packer,1 x 6 CT,6 CT,9,Excellent,"Produce, Fresh",Herbs,"Herbs, Other",False,,No GTINs Found,0.0,No valid GTINs found in configured GTIN columns
Ferraro Foods - NCR - Division 2 (New Jersey),84d561c3-36b0-43ca-8b20-d9e857abc400,93,PRODUCE TOMATO MEDIUM 6X6 REF,Brand: PACKER | Pack Size: 1 X 25#,PRODUCE,,2363.0,['https://s3.amazonaws.com/media.usepepper.com/suppliers/91d5342e-e70b-458b-a74b-2109a243a336/items/d88f84fa-e2f8-5fef-8583-1ca09134e9d8.jpg'],01952ffa-cd5b-7ba5-9f32-c577342e35e5,"div2_nj, div5_md, div6_ct",PRODUCE Tomato Medium Refrigerated,"Medium 6X6 Tomato, Refrigerated",Packer,1 x 25 LB,25 LB,8,Good,"Produce, Fresh","Tomatoes, Fresh","Round, Fresh",False,,No GTINs Found,0.0,No valid GTINs found in configured GTIN columns
Ferraro Foods - NCR - Division 14 (New York East),4ea87e9e-783f-41cd-bd80-89342978f13e,101,PRODX CLEMENTINES,Brand: PACKER | Pack Size: 1 X 5 LB.,PRODUCE,,,['https://s3.amazonaws.com/media.usepepper.com/suppliers/b56a09d3-3926-4d2e-9190-0e7a97a73afe/items/133155a7-d569-40b8-ba5e-ab24d9f89521.png'],00000000-0000-0000-0000-000000000000,div14_ny_east,PRODUCE Clementines,Clementines,Packer,1 x 5 LB,5 LB,7,Good,"Produce, Fresh","Citrus, Fresh",Tangerines,False,,No GTINs Found,0.0,No valid GTINs found in configured GTIN columns
Ferraro Foods - NCR - Division 5 (Maryland),d8672a59-7634-4623-b688-4db1a9e54920,102,PRODUCE POTATO 60 CT IDAHO DRY,Brand: PACKER | Pack Size: 1 X 60 CT,PRODUCE,,,[],0195cbb3-d8c0-7da1-9935-e19ff3c5c59e,"div5_md, div6_ct",PRODUCE Idaho Potato Dry,"Idaho Potato, Dry",Packer,1 x 60 CT,60 CT,9,Excellent,"Grocery, Dry","Potatoes, Dehydrated","Diced, Mix/Dry",False,,No GTINs Found,0.0,No valid GTINs found in configured GTIN columns
Ferraro Foods - NCR - Division 6 (Connecticut),ef0e91f1-a9e5-46c3-9e14-454e42ad1279,103,PRODUCE LEMONS REF,Brand: PACKER | Pack Size: 1 X 24 CT,PRODUCE,,,[],01966dfd-964d-7a30-931d-f79903fd31a1,"div2_nj, div6_ct",PRODUCE Lemons Refrigerated,"Lemons, Refrigerated",Packer,1 x 24 CT,24 CT,8,Good,"Produce, Fresh","Citrus, Fresh",Lemons,False,,No GTINs Found,0.0,No valid GTINs found in configured GTIN columns
Ferraro Foods - NCR - Division 3 (North Carolina),6c2df7ee-850b-43c5-8795-4bece47a8f2f,104,PRODUCE LIMES 175-200 CT REF,Brand: PACKER | Pack Size: 1 X 200CT,PRODUCE,,,['https://s3.amazonaws.com/media.usepepper.com/suppliers/91d5342e-e70b-458b-a74b-2109a243a336/items/0bb8a9f4-1484-57d3-b59c-b719bb993924.jpg'],0197a963-445f-79cf-aea9-47f43af1e0a2,"div14_ny_east, div2_nj, div3_nc, div5_md, div6_ct",PRODUCE Limes Refrigerated,"Limes 175-200 Count, Refrigerated",Packer,1 x 200 CT,200 CT,9,Excellent,"Produce, Fresh","Citrus, Fresh",Limes,False,,No GTINs Found,0.0,No valid GTINs found in configured GTIN columns
Ferraro Foods - NCR - Division 6 (Connecticut),b90e57f5-1c1a-4d79-b233-bdb59d28bf50,107,PRODUCE BEETS RED BULK REF,Brand: PACKER | Pack Size: 1 X 25 LB.,PRODUCE,,29120.0,,0192a4ff-aac0-7d3c-80e8-f5e37dfb5be5,"div14_ny_east, div2_nj, div5_md, div6_ct",PRODUCE Red Beets Bulk Refrigerated,"Red Beets, Bulk, Refrigerated",Packer,1 x 25 LB,25 LB,8,Good,"Produce, Fresh",Root Vegetables,"Root Vegetables, Other",False,,No GTINs Found,0.0,No valid GTINs found in configured GTIN columns
Ferraro Foods - NCR - Division 2 (New Jersey),85478e52-9d3b-4983-a42e-88505fd46eb6,108,PRODUCE YAMS #1 REF,Brand: PACKER | Pack Size: 1 X 40 LB.,PRODUCE,,,['https://s3.amazonaws.com/media.usepepper.com/suppliers/91d5342e-e70b-458b-a74b-2109a243a336/items/ae42da67-872b-5d06-8b72-73d1b611afe7.jpg'],0193b699-b657-7e5d-a9d3-497f37a32669,"div14_ny_east, div2_nj, div5_md, div6_ct",PRODUCE Yams # Refrigerated,"Yams #1, Refrigerated",Packer,1 x 40 LB,40 LB,8,Good,"Produce, Fresh","Potatoes, Fresh",Sweet & Yams Fresh,False,,No GTINs Found,0.0,No valid GTINs found in configured GTIN columns
Ferraro Foods - NCR - Division 5 (Maryland),8a5ce75a-261d-4359-9285-f937741bba20,109,PRODUCE LEMONS BAGGED RETAIL REF,Brand: PACKER | Pack Size: 1 X 18/2 LB,PRODUCE,,,[],0195cbb3-d8a8-7260-9f51-834e52c23645,div5_md,PRODUCE Bagged Retail Lemons Refrigerated,"Bagged Retail Lemons, Refrigerated",Packer,1 x 18/2 LB,2 LB,8,Good,"Produce, Fresh","Citrus, Fresh",Lemons,False,,No GTINs Found,0.0,No valid GTINs found in configured GTIN columns
Ferraro Foods - NCR - Division 5 (Maryland),eeb6c906-d545-4511-887b-a49664975727,110,PRODUCE PEPPER BELL RED BUSHEL REF,Brand: PACKER | Pack Size: 1 X BUSHEL,PRODUCE,,,[],01952ffa-cd5a-72ed-bdf9-a91c478401e2,"div2_nj, div3_nc, div5_md",PRODUCE Red Bell Pepper Refrigerated,"Red Bell Pepper, Refrigerated",Packer,1 x BUSHEL,,8,Good,"Produce, Fresh",Greens,"Greens, Other",False,,No GTINs Found,0.0,No valid GTINs found in configured GTIN columns
Ferraro Foods - NCR - Division 5 (Maryland),7d8d28b6-5196-4e3b-927f-94cc0fd484d2,111,PRODUCE CARROTS REF,Brand: PACKER | Pack Size: 1 X 5LB,PRODUCE,,,[],01952ffa-cd69-7e18-a8ee-3f7ae0700007,"div14_ny_east, div2_nj, div5_md, div6_ct",PRODUCE Carrots Refrigerated,"Carrots, Refrigerated",Packer,1 x 5 LB,5 LB,8,Good,"Produce, Fresh",Root Vegetables,"Root Vegetables, Other",False,,No GTINs Found,0.0,No valid GTINs found in configured GTIN columns
Ferraro Foods - NCR - Division 6 (Connecticut),321de59b-7067-4b84-b74f-e2322335b806,112,PRODUCE CELERY REF,Brand: PACKER | Pack Size: 1 X 6 CT,PRODUCE,,,[],01966dfd-9504-73c2-8348-a9e83a0bee71,"div14_ny_east, div2_nj, div3_nc, div5_md, div6_ct",PRODUCE Celery Refrigerated,Celery,Packer,1 x 6 CT,6 CT,8,Good,"Produce, Fresh",Wet Vegetables (Not Lettuce),Celery,False,,No GTINs Found,0.0,No valid GTINs found in configured GTIN columns
Ferraro Foods - NCR - Division 2 (New Jersey),7940b7f1-ed5a-42c9-9bf5-97eb0b621c50,113,PRODUCE EGGPLANT FANCY 6 CT REF,Brand: PACKER | Pack Size: 1 X 6 CT,PRODUCE,,,['https://s3.amazonaws.com/media.usepepper.com/suppliers/91d5342e-e70b-458b-a74b-2109a243a336/items/27d7fedc-a260-507e-bc15-c7908f72baac.jpg'],0192a4ff-9a78-7766-87c4-27b3595263bd,div2_nj,PRODUCE Fancy Eggplant Refrigerated,Fancy Eggplant,Packer,1 x 6 CT,6 CT,9,Excellent,"Produce, Fresh",Root Vegetables,"Root Vegetables, Other",False,,No GTINs Found,0.0,No valid GTINs found in configured GTIN columns
Ferraro Foods - NCR - Division 5 (Maryland),5ad5a47b-8b95-49e2-8df5-f2bc63140f61,114,PRODUCE CABBAGE RED REF,Brand: PACKER | Pack Size: 1 X CARTON,PRODUCE,,,[],0195cbb3-d730-771a-9314-1f388e4805fa,"div2_nj, div3_nc, div5_md",PRODUCE Red Cabbage Refrigerated,Red Cabbage,Packer,1 x CARTON,,8,Good,"Produce, Fresh",Wet Vegetables (Not Lettuce),Cabbage,False,,No GTINs Found,0.0,No valid GTINs found in configured GTIN columns
Ferraro Foods - NCR - Division 5 (Maryland),bade3ad3-330c-4c81-9510-bd91ea012b5a,115,PRODUCE CABBAGE RED 4 CT RETAIL REF,Brand: PACKER | Pack Size: 1 X 4 CT,PRODUCE,,,[],0195cbb3-d730-771a-9314-1f388e4805fa,div5_md,PRODUCE Red Cabbage Retail Refrigerated,Red Cabbage Retail,Packer,1 x 4 CT,4 CT,9,Excellent,"Produce, Fresh",Wet Vegetables (Not Lettuce),Cabbage,False,,No GTINs Found,0.0,No valid GTINs found in configured GTIN columns
Ferraro Foods - NCR - Division 6 (Connecticut),2d38311b-c7f4-4a1e-85df-716750f67bf2,117,PRODUCE PEPPER HOTS LONG REF,Brand: PACKER | Pack Size: 1 X BSH,PRODUCE,,48400.0,[],0192a4ff-a1cd-7720-9baa-17715158cba3,"div2_nj, div5_md, div6_ct",PRODUCE Long Hot Peppers Refrigerated,Long Hot Peppers,Packer,1 x BUSHEL,,8,Good,"Produce, Fresh",Greens,"Greens, Other",False,,No GTINs Found,0.0,No valid GTINs found in configured GTIN columns
Ferraro Foods - NCR - Division 6 (Connecticut),9a7b3387-05b0-4032-bd5b-3ed247acf830,118,PRODUCE CARROTS REF,Brand: PACKER | Pack Size: 1 X 25LB,PRODUCE,,,[],0192a4ff-940c-7414-8e58-6a932dfaf1cc,div6_ct,PRODUCE Carrots Refrigerated,Carrots,Packer,1 x 25 LB,25 LB,8,Good,"Produce, Fresh",Root Vegetables,"Root Vegetables, Other",False,,No GTINs Found,0.0,No valid GTINs found in configured GTIN columns
Ferraro Foods - NCR - Division 5 (Maryland),95e139ce-6d0d-43a9-b1a8-31c1e1e53b04,126,PRODUCE CABBAGE FLAT REF,Brand: PACKER | Pack Size: 1 X 50LB,PRODUCE,,,"['https://s3.amazonaws.com/media.usepepper.com/suppliers/8e3e05fc-cab8-4a55-a3aa-21ac491d2ad9/items/e82fbbbf-bc5e-5501-81b3-5c56057879fa.jpg', 'https://s3.amazonaws.com/media.usepepper.com/suppliers/8e3e05fc-cab8-4a55-a3aa-21ac491d2ad9/items/871051ef-a760-5de5-8d86-e551fa9d21e3.jpg']",00000000-0000-0000-0000-000000000000,div5_md,PRODUCE Cabbage Refrigerated,Flat Cabbage,Packer,1 x 50 LB,50 LB,8,Good,"Produce, Fresh",Wet Vegetables (Not Lettuce),Cabbage,False,,No GTINs Found,0.0,No valid GTINs found in configured GTIN columns
Ferraro Foods - NCR - Division 5 (Maryland),03324e58-8cea-4e23-98d9-21e3b88eb1aa,127,PRODUCE LEMONS REF,Brand: PACKER | Pack Size: 1 X 115 CT,PRODUCE,,,[],0195cbb3-d8a8-7260-9f51-834e52c23645,"div14_ny_east, div2_nj, div5_md",PRODUCE Lemons Refrigerated,Lemons,Packer,1 x 115 CT,115 CT,8,Good,"Produce, Fresh","Citrus, Fresh",Lemons,False,,No GTINs Found,0.0,No valid GTINs found in configured GTIN columns
Ferraro Foods - NCR - Division 5 (Maryland),a3b1f50d-505b-458f-935a-22122949f9ec,128,PRODUCE PEPPER BELL ORANGE REF,Brand: PACKER | Pack Size: 1 X 11 LB,PRODUCE,,,[],0192a4ff-a67e-7817-927b-1893fa3a9e0f,"div14_ny_east, div2_nj, div5_md",PRODUCE Orange Bell Pepper Refrigerated,Orange Bell Pepper,Packer,1 x 11 LB,11 LB,8,Good,"Produce, Fresh",Greens,"Greens, Other",False,,No GTINs Found,0.0,No valid GTINs found in configured GTIN columns
Ferraro Foods - NCR - Division 14 (New York East),45c8b508-1f6a-472e-9c08-1234fe995129,130,PROD SNIPPPED BEANS GREEN,Brand: PACKER | Pack Size: 2 X 5LB,PRODUCE,,,['https://s3.amazonaws.com/media.usepepper.com/suppliers/b56a09d3-3926-4d2e-9190-0e7a97a73afe/items/7a83438c-68b6-5c34-8611-8596e38174e8.jpg'],00000000-0000-0000-0000-000000000000,div14_ny_east,PRODUCE Snipped Green Beans,Snipped Green Beans,Packer,2 x 5 LB,5 LB,7,Good,"Produce, Fresh","Beans & Peas, Fresh","Beans, Green, Value Added",False,,No GTINs Found,0.0,No valid GTINs found in configured GTIN columns
Ferraro Foods - NCR - Division 3 (North Carolina),bfe9b665-ee6b-4f90-b3d2-68b4cb89178b,132,PRODUCE CUCUMBERS SEEDLESS 12 CT REF,Brand: PACKER | Pack Size: 1 X 10 LB,PRODUCE,,,[],01966dfd-9832-708b-8c6c-4c5c99d62519,"div14_ny_east, div2_nj, div3_nc, div5_md, div6_ct",Produce Seedless Cucumbers,"Seedless Cucumbers, Refrigerated",PACKER,1 x 10 LB,10 LB,9,Excellent,"Produce, Fresh","Squash & Cucumbers, Fresh",Cucumbers,False,,No GTINs Found,0.0,No valid GTINs found in configured GTIN columns
Ferraro Foods - NCR - Division 6 (Connecticut),a9b2380c-ee06-44b7-924c-6142487bf046,134,PRODUCE APPLES GRANNY SMITH 80 CT REF,Brand: PACKER | Pack Size: 1 X 88 CT,PRODUCE,,1220.0,,0192a4ff-9d1b-710a-b138-1ef7f5ffd393,"div14_ny_east, div2_nj, div5_md, div6_ct",Produce Granny Smith Apples,"Granny Smith Apples, Refrigerated",PACKER,1 x 88 CT,88 CT,9,Excellent,"Produce, Fresh","Apples And Pears, Fresh",Apples,False,,No GTINs Found,0.0,No valid GTINs found in configured GTIN columns
Ferraro Foods - NCR - Division 6 (Connecticut),75121996-6588-4544-aa13-86832075f550,135,PRODUCE POTATO RED B GRADE 50 LB DRY,Brand: PACKER | Pack Size: 1 X 50 LB,PRODUCE,,49365.0,[],01966dfd-97ce-7313-8d39-fb2dfeb2221d,"div2_nj, div6_ct",Produce Red B Grade Potato,"Red B Grade Potato, Dry",PACKER,1 x 50 LB,50 LB,9,Excellent,"Produce, Fresh","Potatoes, Fresh",Red,False,,No GTINs Found,0.0,No valid GTINs found in configured GTIN columns
Ferraro Foods - NCR - Division 3 (North Carolina),c5c0554e-02db-4901-88f9-dc8992761250,137,PRODUCE CARROTS JUMBO BULK REF,Brand: PACKER | Pack Size: 1 X 50 LB,PRODUCE,,,[],01952ffa-cd69-7e18-a8ee-3f7ae0700007,"div14_ny_east, div2_nj, div3_nc, div5_md, div6_ct",Produce Jumbo Bulk Carrots,"Jumbo Bulk Carrots, Refrigerated",PACKER,1 x 50 LB,50 LB,8,Good,"Produce, Fresh",Root Vegetables,"Root Vegetables, Other",False,,No GTINs Found,0.0,No valid GTINs found in configured GTIN columns
Ferraro Foods - NCR - Division 6 (Connecticut),50594384-6034-40e0-a2bb-d740e7b1eabc,138,PRODUCE MUSHROOMS SILVER DOLLAR XL REF,Brand: PACKER | Pack Size: 1 X 10 LB,PRODUCE,,,[],0195cbb3-d8aa-7b45-a22b-ad7fc9f8ed7e,"div14_ny_east, div2_nj, div5_md, div6_ct",Produce XL Silver Dollar Mushrooms,"XL Silver Dollar Mushrooms, Refrigerated",PACKER,1 x 10 LB,10 LB,9,Excellent,"Produce, Fresh",Mushrooms,"Mushrooms, Browns",False,,No GTINs Found,0.0,No valid GTINs found in configured GTIN columns
Ferraro Foods - NCR - Division 2 (New Jersey),4006cf76-2151-4837-9234-5b7f49ad1bf5,139,PRODUCE WATERMELON SEEDLESS REF,Brand: PACKER | Pack Size: 1 X 1 CT,PRODUCE,,,,0192a4ff-b2f2-7aea-abf0-5e1226e1d0c4,"div14_ny_east, div2_nj",Produce Seedless Watermelon,"Seedless Watermelon, Refrigerated",PACKER,1 x 1 CT,1 CT,9,Excellent,"Produce, Fresh","Melons, Fresh",Watermelon,False,,No GTINs Found,0.0,No valid GTINs found in configured GTIN columns
Ferraro Foods - NCR - Division 6 (Connecticut),59c119d2-b216-4552-94eb-988b4613f26f,140,PRODUCE ONIONS GREEN SCALLIONS REF,Brand: PACKER | Pack Size: 4 X 12 CT,PRODUCE,,52100.0,[],01966dfd-9765-7d64-b172-e27cd3db8a8e,"div14_ny_east, div2_nj, div5_md, div6_ct",Produce Green Scallion Onions,"Green Scallion Onions, Refrigerated",PACKER,4 x 12 CT,12 CT,9,Excellent,"Produce, Fresh","Onions, Fresh","Green, Fresh",False,,No GTINs Found,0.0,No valid GTINs found in configured GTIN columns
Ferraro Foods - NCR - Division 6 (Connecticut),e30364d7-3005-4008-a345-165602f934f2,141,CELLO WATERMELON RADISH,Brand: PACKER | Pack Size: 1 X 10CT,PRODUCE,,,,00000000-0000-0000-0000-000000000000,div6_ct,Produce Watermelon Radish,Watermelon Radish,PACKER,1 x 10 CT,10 CT,7,Good,"Produce, Fresh",Root Vegetables,"Root Vegetables, Other",False,,No GTINs Found,0.0,No valid GTINs found in configured GTIN columns
Ferraro Foods - NCR - Division 14 (New York East),04308cdb-252c-4b4b-bc31-07c98f974d93,142,PRODUCE BASIL FRESH CRATE REF,Brand: PACKER | Pack Size: 1 X 24CT,PRODUCE,,,[],01966dfd-97cb-7be2-89fe-d1070f9159e0,div14_ny_east,Produce Fresh Basil,"Fresh Basil, Refrigerated",PACKER,1 x 24 CT,24 CT,8,Good,"Produce, Fresh",Herbs,"Herbs, Other",False,,No GTINs Found,0.0,No valid GTINs found in configured GTIN columns
Ferraro Foods - NCR - Division 14 (New York East),86bdb4ef-d21e-47e6-9096-1a5194d5c83c,143,PRODUCE PARSLEY FRESH ITALIAN REF,Brand: PACKER | Pack Size: 4 X 3CT,PRODUCE,,,['https://s3.amazonaws.com/media.usepepper.com/suppliers/91d5342e-e70b-458b-a74b-2109a243a336/items/7660c435-94bf-5c98-9252-c1652cc9a242.jpg'],0192a4ff-9b77-71b0-bedf-c402819aa6de,"div14_ny_east, div2_nj, div5_md",Produce Fresh Italian Parsley,"Fresh Italian Parsley, Refrigerated",PACKER,4 x 3 CT,3 CT,9,Excellent,"Produce, Fresh",Herbs,"Herbs, Other",False,,No GTINs Found,0.0,No valid GTINs found in configured GTIN columns
Ferraro Foods - NCR - Division 14 (New York East),3a844e57-651e-4893-8e25-926ec9b37b5e,144,PRODUCE BROCCOLI CROWNS REF,Brand: ANDY BOY | Pack Size: 1 X 18 LB,PRODUCE,,,[],0192a4ff-9272-7f55-b5c1-25175916d97a,div14_ny_east,Produce Andy Boy Broccoli Crowns Refrigerated,"Andy Boy Broccoli Crowns, Refrigerated",Andy Boy,1 x 18 LB,18 LB,8,Good,"Produce, Fresh",Wet Vegetables (Not Lettuce),Broccoli Crowns,False,,No GTINs Found,0.0,No valid GTINs found in configured GTIN columns
Ferraro Foods - NCR - Division 3 (North Carolina),89653440-9e0b-44c3-981f-7a0944bc01d0,145,PRODUCE CARROTS SHREDDED REF,Brand: PACKER | Pack Size: 4 X 5 LB,PRODUCE,,,,0192a4ff-9d70-76b9-9f12-d46db8fdc750,div3_nc,Produce Shredded Carrots Refrigerated,"Shredded Carrots, Refrigerated",Packer,4 x 5 LB,5 LB,8,Good,"Produce, Fresh",Root Vegetables,"Root Vegetables, Other",False,,No GTINs Found,0.0,No valid GTINs found in configured GTIN columns
Ferraro Foods - NCR - Division 6 (Connecticut),6d42bde6-d12e-493e-a4ba-d8a6389cf8c0,146,PRODUCE CUCUMBERS SELECT REF,Brand: PACKER | Pack Size: 1 X 1 1/9BU,PRODUCE,,,['https://s3.amazonaws.com/media.usepepper.com/suppliers/91d5342e-e70b-458b-a74b-2109a243a336/items/0be37a9b-07ac-5c15-bd69-b27b3bd159c0.jpg'],0192a4ff-984e-7c70-8c02-db7ffbbc0264,"div12_florida, div2_nj, div3_nc, div6_ct",Produce Select Cucumbers Refrigerated,"Select Cucumbers, Refrigerated",Packer,1 x 1.11 BUSHEL,1.11 BUSHEL,8,Good,"Produce, Fresh","Squash & Cucumbers, Fresh",Cucumbers,False,,No GTINs Found,0.0,No valid GTINs found in configured GTIN columns
Ferraro Foods - NCR - Division 5 (Maryland),245e86a6-307a-43b8-b4c2-852b1ea9364c,147,PRODUCE ASPARAGUS LARGE REF,Brand: PACKER | Pack Size: 1 X 11 LB,PRODUCE,,,[],01966dfd-9506-700a-beb0-68bf9d5f9904,"div14_ny_east, div2_nj, div5_md, div6_ct",Produce Large Asparagus Refrigerated,"Large Asparagus, Refrigerated",Packer,1 x 11 LB,11 LB,8,Good,"Produce, Fresh",Root Vegetables,"Root Vegetables, Other",False,,No GTINs Found,0.0,No valid GTINs found in configured GTIN columns
Ferraro Foods - NCR - Division 3 (North Carolina),03461118-1b9e-45d8-9cd2-666bb670bdf0,148,PRODUCE PARSLEY FRESH ITALIAN REF,Brand: PACKER | Pack Size: 1 X 60 CT,PRODUCE,,,['https://s3.amazonaws.com/media.usepepper.com/suppliers/91d5342e-e70b-458b-a74b-2109a243a336/items/9dbca608-c226-5583-9264-7103955ec3fa.jpg'],0192a4ff-9b77-71b0-bedf-c402819aa6de,"div12_florida, div2_nj, div3_nc, div5_md, div6_ct",Produce Fresh Italian Parsley Refrigerated,"Fresh Italian Parsley, Refrigerated",Packer,1 x 60 CT,60 CT,8,Good,"Produce, Fresh",Herbs,"Herbs, Other",False,,No GTINs Found,0.0,No valid GTINs found in configured GTIN columns
Ferraro Foods - NCR - Division 3 (North Carolina),1edf5f67-7721-46c6-a0cd-de6b5562e6a6,149,PRODUCE LIMES 42-48 CT REF,Brand: PACKER | Pack Size: 1 X 42/48CT,PRODUCE,,,[],01966dfd-93e9-7ecb-b693-1dacfe054c15,"div12_florida, div2_nj, div3_nc, div5_md",Produce Limes Refrigerated,"Limes, Refrigerated",Packer,1 x 42-48 CT,42-48 CT,9,Excellent,"Produce, Fresh","Citrus, Fresh",Limes,False,,No GTINs Found,0.0,No valid GTINs found in configured GTIN columns
Ferraro Foods - NCR - Division 2 (New Jersey),a640ec76-8c00-4973-b16d-00608a4629ae,152,PRODUCE SPRING MIX ORIGINAL REF,Brand: PACKER | Pack Size: 1 X 3#,PRODUCE,,,[],01966dfd-98f3-7dd8-bf3c-2a85c030b2c0,"div12_florida, div2_nj",Produce Original Spring Mix Refrigerated,"Original Spring Mix, Refrigerated",Packer,1 x 3 LB,3 LB,8,Good,"Produce, Fresh","Salad Mixes, Fresh","Garden Salad Mixes, Fresh",False,,No GTINs Found,0.0,No valid GTINs found in configured GTIN columns
Ferraro Foods - NCR - Division 5 (Maryland),bf52641f-8c46-4dac-8578-e03e58b9c34d,154,PRODUCE APPLES GALA 80 CT REF,Brand: PACKER | Pack Size: 1 X 80/88CT,PRODUCE,,,[],0192a4ff-8d6d-73d2-b20d-59e26462a8e8,div5_md,Produce Gala Apples Refrigerated,"Gala Apples, Refrigerated",Packer,1 x 80-88 CT,80-88 CT,9,Excellent,"Produce, Fresh","Apples And Pears, Fresh",Apples,False,,No GTINs Found,0.0,No valid GTINs found in configured GTIN columns
Ferraro Foods - NCR - Division 3 (North Carolina),600e4a9d-039a-4986-912e-aec170d66f4b,155,PRODUCE MUSHROOMS PORTABELLA LARGE REF,Brand: PACKER | Pack Size: 1 X 5LB,PRODUCE,,,[],0192a4ff-a8cc-745b-9ade-bba05e5e328c,"div14_ny_east, div2_nj, div3_nc, div5_md, div6_ct",Produce Large Portabella Mushrooms Refrigerated,"Large Portabella Mushrooms, Refrigerated",Packer,1 x 5 LB,5 LB,8,Good,"Produce, Fresh",Mushrooms,"Mushrooms, Browns",False,,No GTINs Found,0.0,No valid GTINs found in configured GTIN columns
Ferraro Foods - NCR - Division 2 (New Jersey),f512bf3c-d0b6-478e-bdc8-6b848efe12d0,156,PROD APPLE100 CT GALLA,Brand: PACKER | Pack Size: 1 X 125CT,PRODUCE,,,,01966dfd-93de-7bf6-8b15-9c2a284c7a9f,div2_nj,Produce Gala Apples,Gala Apples,Packer,1 x 125 CT,125 CT,6,Fair,"Produce, Fresh","Apples And Pears, Fresh",Apples,False,,No GTINs Found,0.0,No valid GTINs found in configured GTIN columns
Ferraro Foods - NCR - Division 5 (Maryland),f874d8aa-8b18-43b3-a7d0-48befd91e476,158,PRODUCE ONIONS COLOSSAL BULK REF,Brand: PACKER | Pack Size: 1 X 50,PRODUCE,,,,0195cbb3-d98a-763b-94b9-2db6decafbef,div5_md,Produce Colossal Onions Refrigerated,Packer brand,Packer,1 x 50 LB,50 LB,8,Good,"Produce, Fresh","Onions, Fresh","Other, Fresh",False,,No GTINs Found,0.0,No valid GTINs found in configured GTIN columns
Ferraro Foods - NCR - Division 5 (Maryland),f185186b-f567-487a-abab-e1b9620698c5,159,PRODUCE POTATO #2 LARGE 50 LB IDAHO REF,Brand: PACKER | Pack Size: 1 X 50#,PRODUCE,,,[],0195cbb3-d8c0-7da1-9935-e19ff3c5c59e,div5_md,Produce Idaho # Large Potatoes Refrigerated,Packer brand,Packer,1 x 50 LB,50 LB,9,Excellent,"Produce, Fresh","Potatoes, Fresh",Whole (White),False,,No GTINs Found,0.0,No valid GTINs found in configured GTIN columns
Ferraro Foods - NCR - Division 5 (Maryland),6df12822-8654-4554-85cd-26f4312f208e,160,PRODUCE GINGER FRESH REF,Brand: PACKER | Pack Size: 1 X 30LB,PRODUCE,,,[],01966dfd-9703-7792-8649-503dc1da9206,div5_md,Produce Fresh Ginger Refrigerated,Packer brand,Packer,1 x 30 LB,30 LB,7,Good,"Produce, Fresh",Root Vegetables,"Root Vegetables, Other",False,,No GTINs Found,0.0,No valid GTINs found in configured GTIN columns
Ferraro Foods - NCR - Division 5 (Maryland),1e18e2ca-feb0-43cb-b329-a4024d479302,162,PRODUCE CILANTRO REF,Brand: PACKER | Pack Size: 1 X 60CT,PRODUCE,,,[],0195cbb3-da9f-7efa-9448-2a1715b76c1f,"div2_nj, div5_md",Produce Cilantro Refrigerated,Packer brand,Packer,1 x 60 CT,60 CT,7,Good,"Produce, Fresh",Herbs,"Herbs, Other",False,,No GTINs Found,0.0,No valid GTINs found in configured GTIN columns
Ferraro Foods - NCR - Division 6 (Connecticut),96ab9c76-2f00-4db9-bfa5-bb34b57ac334,163,PRODUCE POTATO #2 LARGE 50 LB IDAHO REF,Brand: PACKER | Pack Size: 1 X 50 LB,PRODUCE,,,,0195cbb3-d8c0-7da1-9935-e19ff3c5c59e,"div2_nj, div6_ct",Produce Idaho # Large Potatoes Refrigerated,Packer brand,Packer,1 x 50 LB,50 LB,9,Excellent,"Appetizers, Entrees, & Potatoes Refrigerated & Frozen","Potatoes, Cooked, Rerigerated","Whole Or Sliced, Cooked, Refrigerated",False,,No GTINs Found,0.0,No valid GTINs found in configured GTIN columns
Ferraro Foods - NCR - Division 5 (Maryland),be23cb71-0ff9-4d34-a241-c15074461994,167,PRODUCE POTATO 90 CT IDAHO DRY,Brand: PACKER | Pack Size: 1 X 50 LB,PRODUCE,,,[],0195cbb3-d8c0-7da1-9935-e19ff3c5c59e,"div2_nj, div5_md",Produce Idaho Potatoes Dry,Packer brand,Packer,1 x 50 LB,50 LB,8,Good,"Grocery, Dry","Potatoes, Dehydrated","Diced, Mix/Dry",False,,No GTINs Found,0.0,No valid GTINs found in configured GTIN columns
Ferraro Foods - NCR - Division 5 (Maryland),9513ef46-dac0-431d-ae13-8e7670820b35,168,PRODUCE AVOCADO HASS GREEN 48-60CT REF,Brand: PACKER | Pack Size: 1 X 48-60CT,PRODUCE,,,[],0192a4ff-8e2b-78b9-93da-63b8b5da5264,"div14_ny_east, div2_nj, div5_md, div6_ct",Produce Hass Green Avocados Refrigerated,Packer brand,Packer,1 x 48-60 CT,48-60 CT,9,Excellent,"Produce, Fresh","Tropical Fruit, Fresh",Avocados,False,,No GTINs Found,0.0,No valid GTINs found in configured GTIN columns
Ferraro Foods - NCR - Division 14 (New York East),c6c82340-ecf9-4d50-a9fd-8cb15ec4891a,169,PRODUCE APPLES RED DELICIOUS 100 CT REF,Brand: PACKER | Pack Size: 1 X 100CT,PRODUCE,,,,01952ffa-cd60-7c00-bd8b-f48590a60b13,"div14_ny_east, div2_nj",Produce Red Delicious Apples Refrigerated,Packer brand,Packer,1 x 100 CT,100 CT,9,Excellent,"Produce, Fresh","Apples And Pears, Fresh",Apples,False,,No GTINs Found,0.0,No valid GTINs found in configured GTIN columns
Ferraro Foods - NCR - Division 5 (Maryland),2eec9108-b60f-4947-9f98-811b637cba08,172,PRODUCE GRAPEFRUIT RED BULK REF,Brand: PACKER | Pack Size: 1 X 40/48,PRODUCE,,,['https://s3.amazonaws.com/media.usepepper.com/suppliers/91d5342e-e70b-458b-a74b-2109a243a336/items/858c6bd5-3357-5d8c-b3bd-39ddeb818b22.png'],00000000-0000-0000-0000-000000000000,div5_md,Produce Red Grapefruit Refrigerated,Packer brand,Packer,1 x 40/48 CT,48 CT,7,Good,"Produce, Fresh","Citrus, Fresh",Grapefruit,False,,No GTINs Found,0.0,No valid GTINs found in configured GTIN columns
Ferraro Foods - NCR - Division 5 (Maryland),3c4986ee-56ad-4859-8a34-bb0e058730ec,174,PRODUCE PEAR D'ANJOU GREEN 90 CT REF,Brand: PACKER | Pack Size: 1 X 40 LB,PRODUCE,,,[],0195cbb3-dc25-7425-9c69-49fd42586194,"div2_nj, div5_md",Produce Green D'Anjou Pears Refrigerated,Packer brand,Packer,1 x 40 LB,40 LB,9,Excellent,"Produce, Fresh","Apples And Pears, Fresh",Pears,False,,No GTINs Found,0.0,No valid GTINs found in configured GTIN columns
Ferraro Foods - NCR - Division 6 (Connecticut),a23cb527-707e-474a-8f77-81f8c48314e5,176,PRODUCE CUCUMBERS SELECT RETAIL REF,Brand: PACKER | Pack Size: 1 X 12 CT,PRODUCE,,,[],0192a4ff-984e-7c70-8c02-db7ffbbc0264,"div14_ny_east, div2_nj, div3_nc, div5_md, div6_ct",PRODUCE Cucumbers Select Retail Refrigerated,Select retail refrigerated cucumbers,Packer,1 x 12 CT,12 CT,8,Good,"Produce, Fresh","Squash & Cucumbers, Fresh",Cucumbers,False,,No GTINs Found,0.0,No valid GTINs found in configured GTIN columns
Ferraro Foods - NCR - Division 6 (Connecticut),f02dface-2ff9-46ec-a6e5-aa17d46327b3,177,PRODUCE PARSLEY FRESH ITALIAN REF,Brand: PACKER | Pack Size: 1 X LB,PRODUCE,,45207.0,[],0192a4ff-9b77-71b0-bedf-c402819aa6de,"div2_nj, div6_ct",PRODUCE Parsley Fresh Italian Refrigerated,Fresh Italian refrigerated parsley,Packer,1 LB,1 LB,8,Good,"Produce, Fresh",Herbs,"Herbs, Other",False,,No GTINs Found,0.0,No valid GTINs found in configured GTIN columns
Ferraro Foods - NCR - Division 2 (New Jersey),3c15feaa-9a29-434d-bf2f-691823a0c599,186,PRODUCE LETTUCE RADICCHIO RED REF,Brand: PACKER | Pack Size: 1 X 9 CT,PRODUCE,,,['https://s3.amazonaws.com/media.usepepper.com/suppliers/91d5342e-e70b-458b-a74b-2109a243a336/items/08029684-4c4e-5bcd-baa4-1d67e96e9645.jpg'],00000000-0000-0000-0000-000000000000,div2_nj,PRODUCE Lettuce Radicchio Red Refrigerated,"Red radicchio lettuce, refrigerated",Packer,1 x 9 CT,9 CT,8,Good,"Produce, Fresh","Lettuce, Spinach & Micro Greens, Fresh",Leaf Red,False,,No GTINs Found,0.0,No valid GTINs found in configured GTIN columns
Ferraro Foods - NCR - Division 3 (North Carolina),f6fc6a09-de52-4d1d-af86-2e1b5c7bc54a,192,"PRODUCE MUSHROOMS SLICED 1/4"" REF",Brand: PACKER | Pack Size: 1 X 10 LB,PRODUCE,,,[],0195cbb3-d6b9-78ab-927c-bc52fa368e91,"div12_florida, div2_nj, div3_nc, div6_ct",PRODUCE Mushrooms Sliced Inch Refrigerated,1/4 inch sliced refrigerated mushrooms,Packer,1 x 10 LB,10 LB,8,Good,"Produce, Fresh",Mushrooms,"Mushrooms, Browns",False,,No GTINs Found,0.0,No valid GTINs found in configured GTIN columns
Ferraro Foods - NCR - Division 6 (Connecticut),5cbb9d0d-1cc7-42f6-ab60-1966842e4268,194,PRODUCE MUSHROOMS SHIITAKE REF,Brand: PACKER | Pack Size: 1 X 3 LB,PRODUCE,,,[],01966dfd-93d9-75f1-b4a0-f5f4d0ae7a2e,"div14_ny_east, div2_nj, div6_ct",PRODUCE Shiitake Mushrooms Refrigerated,Refrigerated shiitake mushrooms,Packer,1 x 3 LB,3 LB,8,Good,"Produce, Fresh",Mushrooms,"Mushrooms, Browns",False,,No GTINs Found,0.0,No valid GTINs found in configured GTIN columns
Ferraro Foods - NCR - Division 3 (North Carolina),8794dc36-8912-44cc-81e9-65bd1370d5c9,195,PRODUCE PARSLEY FRESH CURLY REF,Brand: PACKER | Pack Size: 1 X 12 CT,PRODUCE,,,[],01966dfd-949f-7b44-8b93-6c6a3a89dbc1,"div2_nj, div3_nc, div5_md, div6_ct",PRODUCE Parsley Fresh Curly Refrigerated,Fresh curly refrigerated parsley,Packer,1 x 12 CT,12 CT,8,Good,"Produce, Fresh",Herbs,"Herbs, Other",False,,No GTINs Found,0.0,No valid GTINs found in configured GTIN columns
Ferraro Foods - NCR - Division 6 (Connecticut),307acd0e-7a5b-4de9-bf16-8b8d292e5001,196,PROD MUSHROOM OYSTER FRESH,Brand: PACKER | Pack Size: 1 X 5 LB,PRODUCE,,,['https://s3.amazonaws.com/media.usepepper.com/suppliers/998c2140-ee60-4424-92d4-94e5bd3d13e5/items/1faf08b3-918d-467a-9676-af5333b9767b.png'],00000000-0000-0000-0000-000000000000,"div14_ny_east, div6_ct",PRODUCE Oyster Mushrooms Fresh,Fresh oyster mushrooms,Packer,1 x 5 LB,5 LB,7,Good,"Produce, Fresh",Mushrooms,"Mushrooms, Browns",False,,No GTINs Found,0.0,No valid GTINs found in configured GTIN columns
Ferraro Foods - NCR - Division 5 (Maryland),28afc773-8c6a-4d97-acb1-958234389d6a,198,PRODUCE GRAPES SEEDLESS RED REF,Brand: PACKER | Pack Size: 1 X 18 LB,PRODUCE,,,['https://s3.amazonaws.com/media.usepepper.com/suppliers/8e3e05fc-cab8-4a55-a3aa-21ac491d2ad9/items/bce567be-fbbf-5094-9658-90aeec03b734.jpg'],01966dfd-982c-74be-aea7-06768613b477,div5_md,PRODUCE Grapes Seedless Red Refrigerated,Seedless red refrigerated grapes,Packer,1 x 18 LB,18 LB,8,Good,"Produce, Fresh","Stone Fruit And Grapes, Fresh",Grapes,False,,No GTINs Found,0.0,No valid GTINs found in configured GTIN columns
Ferraro Foods - NCR - Division 6 (Connecticut),927e1026-1c8f-4049-b8f4-5a3fd069b191,200,PRODUCE BASIL FRESH REF,Brand: PACKER | Pack Size: 1 X 2.2LB,PRODUCE,,,[],01966dfd-97cb-7be2-89fe-d1070f9159e0,"div14_ny_east, div2_nj, div5_md, div6_ct",PRODUCE Basil Fresh Refrigerated,Fresh refrigerated basil,Packer,1 x 2.2 LB,2.2 LB,8,Good,"Produce, Fresh",Herbs,"Herbs, Other",False,,No GTINs Found,0.0,No valid GTINs found in configured GTIN columns
Ferraro Foods - NCR - Division 2 (New Jersey),8722e7ad-623e-4780-972d-e1699e1997ca,204,PROD MINT KILO,Brand: PACKER | Pack Size: 1 X 1 KILO,PRODUCE,,,['https://s3.amazonaws.com/media.usepepper.com/suppliers/91d5342e-e70b-458b-a74b-2109a243a336/items/10c9ef06-10f9-4de7-8990-cf991bfeee44.png'],00000000-0000-0000-0000-000000000000,div2_nj,PRODUCE Mint,Mint,Packer,1 x 1 KILO,1 KILO,7,Good,"Produce, Fresh",Herbs,"Herbs, Other",False,,No GTINs Found,0.0,No valid GTINs found in configured GTIN columns
Ferraro Foods - NCR - Division 2 (New Jersey),36e90d4e-6296-4444-9e48-6e5c4647413d,206,PROD PEPPERS HABANERO ORANGE,Brand: PACKER | Pack Size: 1 X 8 LB,PRODUCE,,,['https://s3.amazonaws.com/media.usepepper.com/suppliers/91d5342e-e70b-458b-a74b-2109a243a336/items/1ac7d845-dc30-5559-9d31-2582a448466e.jpg'],0195cbb3-d644-79c2-8a10-b60034a79b4c,div2_nj,Produce Habanero Orange Peppers,Habanero Orange Peppers,Packer,1 x 8 LB,8 LB,8,Good,"Produce, Fresh",Greens,"Greens, Other",False,,No GTINs Found,0.0,No valid GTINs found in configured GTIN columns
Ferraro Foods - NCR - Division 14 (New York East),9d999f65-0312-4f71-a304-e0575c7f16aa,208,PRODUCE ROSEMARY FRESH REF,Brand: PACKER | Pack Size: 1 X KILO,PRODUCE,,,,0195cbb3-d90c-74ba-b2bc-89bad444068c,"div14_ny_east, div2_nj",Produce Rosemary Fresh Refrigerated,Fresh Refrigerated Rosemary,Packer,1 x KILO,,9,Excellent,"Produce, Fresh",Herbs,"Herbs, Other",False,,No GTINs Found,0.0,No valid GTINs found in configured GTIN columns
Ferraro Foods - NCR - Division 14 (New York East),d7a8bb1b-bc54-4b6d-92ec-437a8baaceff,209,PROD OREGANO KILO,Brand: PACKER | Pack Size: 1 X KILO,PRODUCE,,,['https://s3.amazonaws.com/media.usepepper.com/suppliers/b56a09d3-3926-4d2e-9190-0e7a97a73afe/items/5c81e4c3-9559-5229-a4a1-0f54e9520b98.jpg'],00000000-0000-0000-0000-000000000000,div14_ny_east,Produce Oregano,Oregano,Packer,1 x KILO,,8,Good,"Produce, Fresh",Herbs,"Herbs, Other",False,,No GTINs Found,0.0,No valid GTINs found in configured GTIN columns
Ferraro Foods - NCR - Division 6 (Connecticut),c12a5167-9c04-41d5-baed-57ec597e5cd9,213,PRODUCE POTATO CHEF QUALITY #1 DRY,Brand: PACKER | Pack Size: 1 X 50 LB,PRODUCE,,,['https://s3.amazonaws.com/media.usepepper.com/suppliers/91d5342e-e70b-458b-a74b-2109a243a336/items/c07de1c8-9496-5ccd-88f6-e3af56de76c0.jpg'],00000000-0000-0000-0000-000000000000,"div2_nj, div6_ct",Produce Potato Chef Quality # Dry,Chef Quality #1 Dry Potatoes,Packer,1 x 50 LB,50 LB,9,Excellent,"Grocery, Dry","Potatoes, Dehydrated","Diced, Mix/Dry",False,,No GTINs Found,0.0,No valid GTINs found in configured GTIN columns
Ferraro Foods - NCR - Division 14 (New York East),39565638-c951-48f1-a732-0cbc192fc879,214,PRODUCE SPINACH CRATE REF,Brand: PACKER | Pack Size: 1 X 24CT,PRODUCE,,,['https://s3.amazonaws.com/media.usepepper.com/suppliers/b56a09d3-3926-4d2e-9190-0e7a97a73afe/items/0a46b3d9-a967-55bb-be9e-56b90e7c96f5.jpg'],00000000-0000-0000-0000-000000000000,div14_ny_east,Produce Spinach Refrigerated,Refrigerated Spinach,Packer,1 x 24 CT,24 CT,8,Good,"Produce, Fresh","Lettuce, Spinach & Micro Greens, Fresh",Spinach,False,,No GTINs Found,0.0,No valid GTINs found in configured GTIN columns
Ferraro Foods - NCR - Division 2 (New Jersey),6012ad70-be75-4a8d-8320-4ae38a6b521f,215,PRODUCE SPINACH CELLO REF,Brand: PACKER | Pack Size: 8 X 10 OZ.,PRODUCE,,,[],0195cbb3-d64d-7300-9ed8-250f75dd50d3,div2_nj,Produce Spinach Cello Refrigerated,Cello Refrigerated Spinach,Packer,8 x 10 OZ,10 OZ,8,Good,"Produce, Fresh","Lettuce, Spinach & Micro Greens, Fresh",Spinach,False,,No GTINs Found,0.0,No valid GTINs found in configured GTIN columns
Ferraro Foods - NCR - Division 14 (New York East),b43bff22-f30b-47a6-bafc-af31f7840b8e,219,PRODUCE POTATO FINGERLING DRY,Brand: PACKER | Pack Size: 1 X 10 LB,PRODUCE,,,,01952ffa-cdcf-7b1a-b9a1-e01f73e1ec98,"div14_ny_east, div2_nj",Produce Fingerling Potato Dry,Dry Fingerling Potatoes,Packer,1 x 10 LB,10 LB,9,Excellent,"Grocery, Dry","Potatoes, Dehydrated","Diced, Mix/Dry",False,,No GTINs Found,0.0,No valid GTINs found in configured GTIN columns
Ferraro Foods - NCR - Division 2 (New Jersey),c1809613-d058-4ac5-a6b0-35fa6b706364,220,PRODUCE PEARS CACTUS REF,Brand: PACKER | Pack Size: 1 X 10LB,PRODUCE,,,,0193b699-bbbf-7e7b-9998-4933937c5768,div2_nj,Produce Cactus Pears Refrigerated,Refrigerated Cactus Pears,Packer,1 x 10 LB,10 LB,9,Excellent,"Produce, Fresh","Fruits, Other, Fresh","Fruit, Other Fresh",False,,No GTINs Found,0.0,No valid GTINs found in configured GTIN columns
